{
	"credit": "Made by Spryzeen",
	"textures": {
		"0": "#wart2",
		"1": "#wart",
		"particle": "#wart"
	},
	"elements": [
		{
			"name": "nether_wart_block_2_0",
			"from": [0, -8, 0],
			"to": [12, 0, 16],
			"rotation": {"angle": 0, "axis": "x", "origin": [7.5, -9.25, 8]},
			"faces": {
				"north": {"uv": [0, 8, 12, 0], "rotation": 180, "texture": "#0", "cullface": "down"},
				"south": {"uv": [0, 0, 12, 8], "texture": "#0", "cullface": "down"}
			}
		},
		{
			"name": "nether_wart_block_2_1",
			"from": [12, -6, 0],
			"to": [16, 0, 16],
			"rotation": {"angle": 0, "axis": "x", "origin": [7.5, -9.25, 8]},
			"faces": {
				"north": {"uv": [12, 6, 16, 0], "rotation": 180, "texture": "#0", "cullface": "down"},
				"south": {"uv": [12, 0, 16, 6], "texture": "#0", "cullface": "down"}
			}
		},
		{
			"name": "nether_wart_block_2_2",
			"from": [13, -13, 0],
			"to": [16, -6, 16],
			"rotation": {"angle": 0, "axis": "x", "origin": [7.5, -9.25, 8]},
			"faces": {
				"north": {"uv": [13, 13, 16, 6], "rotation": 180, "texture": "#0", "cullface": "down"},
				"south": {"uv": [13, 6, 16, 13], "texture": "#0", "cullface": "down"}
			}
		},
		{
			"name": "nether_wart_block_2_3",
			"from": [0, -9, 0],
			"to": [6, -8, 16],
			"rotation": {"angle": 0, "axis": "x", "origin": [7.5, -9.25, 8]},
			"faces": {
				"north": {"uv": [0, 9, 6, 8], "rotation": 180, "texture": "#0", "cullface": "down"},
				"south": {"uv": [0, 8, 6, 9], "texture": "#0", "cullface": "down"}
			}
		},
		{
			"name": "nether_wart_block_2_4",
			"from": [7, -10, 0],
			"to": [12, -8, 16],
			"rotation": {"angle": 0, "axis": "x", "origin": [7.5, -9.25, 8]},
			"faces": {
				"north": {"uv": [7, 10, 12, 8], "rotation": 180, "texture": "#0", "cullface": "down"},
				"south": {"uv": [7, 8, 12, 10], "texture": "#0", "cullface": "down"}
			}
		},
		{
			"name": "nether_wart_block_2_5",
			"from": [0, -15, 0],
			"to": [1, -9, 16],
			"rotation": {"angle": 0, "axis": "x", "origin": [7.5, -9.25, 8]},
			"faces": {
				"north": {"uv": [0, 15, 1, 9], "rotation": 180, "texture": "#0", "cullface": "down"},
				"south": {"uv": [0, 9, 1, 15], "texture": "#0", "cullface": "down"}
			}
		},
		{
			"name": "nether_wart_block_2_6",
			"from": [2, -11, 0],
			"to": [6, -9, 16],
			"rotation": {"angle": 0, "axis": "x", "origin": [7.5, -9.25, 8]},
			"faces": {
				"north": {"uv": [2, 11, 6, 9], "rotation": 180, "texture": "#0", "cullface": "down"},
				"south": {"uv": [2, 9, 6, 11], "texture": "#0", "cullface": "down"}
			}
		},
		{
			"name": "nether_wart_block_2_7",
			"from": [7, -12, 0],
			"to": [8, -10, 16],
			"rotation": {"angle": 0, "axis": "x", "origin": [7.5, -9.25, 8]},
			"faces": {
				"north": {"uv": [7, 12, 8, 10], "rotation": 180, "texture": "#0", "cullface": "down"},
				"south": {"uv": [7, 10, 8, 12], "texture": "#0", "cullface": "down"}
			}
		},
		{
			"name": "nether_wart_block_2_8",
			"from": [9, -12, 0],
			"to": [12, -10, 16],
			"rotation": {"angle": 0, "axis": "x", "origin": [7.5, -9.25, 8]},
			"faces": {
				"north": {"uv": [9, 12, 12, 10], "rotation": 180, "texture": "#0", "cullface": "down"},
				"south": {"uv": [9, 10, 12, 12], "texture": "#0", "cullface": "down"}
			}
		},
		{
			"name": "nether_wart_block_2_9",
			"from": [3, -13, 0],
			"to": [6, -11, 16],
			"rotation": {"angle": 0, "axis": "x", "origin": [7.5, -9.25, 8]},
			"faces": {
				"north": {"uv": [3, 13, 6, 11], "rotation": 180, "texture": "#0", "cullface": "down"},
				"south": {"uv": [3, 11, 6, 13], "texture": "#0", "cullface": "down"}
			}
		},
		{
			"name": "nether_wart_block_2_10",
			"from": [9, -13, 0],
			"to": [11, -12, 16],
			"rotation": {"angle": 0, "axis": "x", "origin": [7.5, -9.25, 8]},
			"faces": {
				"north": {"uv": [9, 13, 11, 12], "rotation": 180, "texture": "#0", "cullface": "down"},
				"south": {"uv": [9, 12, 11, 13], "texture": "#0", "cullface": "down"}
			}
		},
		{
			"name": "nether_wart_block_2_11",
			"from": [4, -14, 0],
			"to": [6, -13, 16],
			"rotation": {"angle": 0, "axis": "x", "origin": [7.5, -9.25, 8]},
			"faces": {
				"north": {"uv": [4, 14, 6, 13], "rotation": 180, "texture": "#0", "cullface": "down"},
				"south": {"uv": [4, 13, 6, 14], "texture": "#0", "cullface": "down"}
			}
		},
		{
			"name": "nether_wart_block_2_12",
			"from": [10, -14, 0],
			"to": [11, -13, 16],
			"rotation": {"angle": 0, "axis": "x", "origin": [7.5, -9.25, 8]},
			"faces": {
				"north": {"uv": [10, 14, 11, 13], "rotation": 180, "texture": "#0", "cullface": "down"},
				"south": {"uv": [10, 13, 11, 14], "texture": "#0", "cullface": "down"}
			}
		},
		{
			"name": "nether_wart_block_2_13",
			"from": [13, -15, 0],
			"to": [15, -13, 16],
			"rotation": {"angle": 0, "axis": "x", "origin": [7.5, -9.25, 8]},
			"faces": {
				"north": {"uv": [13, 15, 15, 13], "rotation": 180, "texture": "#0", "cullface": "down"},
				"south": {"uv": [13, 13, 15, 15], "texture": "#0", "cullface": "down"}
			}
		},
		{
			"name": "nether_wart_block_2_14",
			"from": [5, -15, 0],
			"to": [6, -14, 16],
			"rotation": {"angle": 0, "axis": "x", "origin": [7.5, -9.25, 8]},
			"faces": {
				"north": {"uv": [5, 15, 6, 14], "rotation": 180, "texture": "#0", "cullface": "down"},
				"south": {"uv": [5, 14, 6, 15], "texture": "#0", "cullface": "down"}
			}
		},
		{
			"name": "nether_wart_block_2_15",
			"from": [13, -16, 0],
			"to": [14, -15, 16],
			"rotation": {"angle": 0, "axis": "x", "origin": [7.5, -9.25, 8]},
			"faces": {
				"north": {"uv": [13, 16, 14, 15], "rotation": 180, "texture": "#0", "cullface": "down"},
				"south": {"uv": [13, 15, 14, 16], "texture": "#0", "cullface": "down"}
			}
		},
		{
			"name": "nether_wart_block_2_1",
			"from": [0, -8, 0],
			"to": [16, 0, 12],
			"rotation": {"angle": 0, "axis": "y", "origin": [7.5, -9.25, 8]},
			"faces": {
				"east": {"uv": [0, 8, 12, 0], "rotation": 180, "texture": "#0", "cullface": "down"},
				"west": {"uv": [0, 0, 12, 8], "texture": "#0", "cullface": "down"}
			}
		},
		{
			"name": "nether_wart_block_2_2",
			"from": [0, -6, 12],
			"to": [16, 0, 16],
			"rotation": {"angle": 0, "axis": "y", "origin": [7.5, -9.25, 8]},
			"faces": {
				"east": {"uv": [12, 6, 16, 0], "rotation": 180, "texture": "#0", "cullface": "down"},
				"west": {"uv": [12, 0, 16, 6], "texture": "#0", "cullface": "down"}
			}
		},
		{
			"name": "nether_wart_block_3_3",
			"from": [0, -13, 13],
			"to": [16, -6, 16],
			"rotation": {"angle": 0, "axis": "y", "origin": [7.5, -9.25, 8]},
			"faces": {
				"east": {"uv": [13, 13, 16, 6], "rotation": 180, "texture": "#0", "cullface": "down"},
				"west": {"uv": [13, 6, 16, 13], "texture": "#0", "cullface": "down"}
			}
		},
		{
			"name": "nether_wart_block_2_4",
			"from": [0, -9, 0],
			"to": [16, -8, 6],
			"rotation": {"angle": 0, "axis": "y", "origin": [7.5, -9.25, 8]},
			"faces": {
				"east": {"uv": [0, 9, 6, 8], "rotation": 180, "texture": "#0", "cullface": "down"},
				"west": {"uv": [0, 8, 6, 9], "texture": "#0", "cullface": "down"}
			}
		},
		{
			"name": "nether_wart_block_2_5",
			"from": [0, -10, 7],
			"to": [16, -8, 12],
			"rotation": {"angle": 0, "axis": "y", "origin": [7.5, -9.25, 8]},
			"faces": {
				"east": {"uv": [7, 10, 12, 8], "rotation": 180, "texture": "#0", "cullface": "down"},
				"west": {"uv": [7, 8, 12, 10], "texture": "#0", "cullface": "down"}
			}
		},
		{
			"name": "nether_wart_block_2_6",
			"from": [0, -15, 0],
			"to": [16, -9, 1],
			"rotation": {"angle": 0, "axis": "y", "origin": [7.5, -9.25, 8]},
			"faces": {
				"east": {"uv": [0, 15, 1, 9], "rotation": 180, "texture": "#0", "cullface": "down"},
				"west": {"uv": [0, 9, 1, 15], "texture": "#0", "cullface": "down"}
			}
		},
		{
			"name": "nether_wart_block_2_7",
			"from": [0, -11, 2],
			"to": [16, -9, 6],
			"rotation": {"angle": 0, "axis": "y", "origin": [7.5, -9.25, 8]},
			"faces": {
				"east": {"uv": [2, 11, 6, 9], "rotation": 180, "texture": "#0", "cullface": "down"},
				"west": {"uv": [2, 9, 6, 11], "texture": "#0", "cullface": "down"}
			}
		},
		{
			"name": "nether_wart_block_2_8",
			"from": [0, -12, 7],
			"to": [16, -10, 8],
			"rotation": {"angle": 0, "axis": "y", "origin": [7.5, -9.25, 8]},
			"faces": {
				"east": {"uv": [7, 12, 8, 10], "rotation": 180, "texture": "#0", "cullface": "down"},
				"west": {"uv": [7, 10, 8, 12], "texture": "#0", "cullface": "down"}
			}
		},
		{
			"name": "nether_wart_block_2_9",
			"from": [0, -12, 9],
			"to": [16, -10, 12],
			"rotation": {"angle": 0, "axis": "y", "origin": [7.5, -9.25, 8]},
			"faces": {
				"east": {"uv": [9, 12, 12, 10], "rotation": 180, "texture": "#0", "cullface": "down"},
				"west": {"uv": [9, 10, 12, 12], "texture": "#0", "cullface": "down"}
			}
		},
		{
			"name": "nether_wart_block_2_10",
			"from": [0, -13, 3],
			"to": [16, -11, 6],
			"rotation": {"angle": 0, "axis": "y", "origin": [7.5, -9.25, 8]},
			"faces": {
				"east": {"uv": [3, 13, 6, 11], "rotation": 180, "texture": "#0", "cullface": "down"},
				"west": {"uv": [3, 11, 6, 13], "texture": "#0", "cullface": "down"}
			}
		},
		{
			"name": "nether_wart_block_2_11",
			"from": [0, -13, 9],
			"to": [16, -12, 11],
			"rotation": {"angle": 0, "axis": "y", "origin": [7.5, -9.25, 8]},
			"faces": {
				"east": {"uv": [9, 13, 11, 12], "rotation": 180, "texture": "#0", "cullface": "down"},
				"west": {"uv": [9, 12, 11, 13], "texture": "#0", "cullface": "down"}
			}
		},
		{
			"name": "nether_wart_block_2_12",
			"from": [0, -14, 4],
			"to": [16, -13, 6],
			"rotation": {"angle": 0, "axis": "y", "origin": [7.5, -9.25, 8]},
			"faces": {
				"east": {"uv": [4, 14, 6, 13], "rotation": 180, "texture": "#0", "cullface": "down"},
				"west": {"uv": [4, 13, 6, 14], "texture": "#0", "cullface": "down"}
			}
		},
		{
			"name": "nether_wart_block_2_13",
			"from": [0, -14, 10],
			"to": [16, -13, 11],
			"rotation": {"angle": 0, "axis": "y", "origin": [7.5, -9.25, 8]},
			"faces": {
				"east": {"uv": [10, 14, 11, 13], "rotation": 180, "texture": "#0", "cullface": "down"},
				"west": {"uv": [10, 13, 11, 14], "texture": "#0", "cullface": "down"}
			}
		},
		{
			"name": "nether_wart_block_2_14",
			"from": [0, -15, 13],
			"to": [16, -13, 15],
			"rotation": {"angle": 0, "axis": "y", "origin": [7.5, -9.25, 8]},
			"faces": {
				"east": {"uv": [13, 15, 15, 13], "rotation": 180, "texture": "#0", "cullface": "down"},
				"west": {"uv": [13, 13, 15, 15], "texture": "#0", "cullface": "down"}
			}
		},
		{
			"name": "nether_wart_block_2_15",
			"from": [0, -15, 5],
			"to": [16, -14, 6],
			"rotation": {"angle": 0, "axis": "y", "origin": [7.5, -9.25, 8]},
			"faces": {
				"east": {"uv": [5, 15, 6, 14], "rotation": 180, "texture": "#0", "cullface": "down"},
				"west": {"uv": [5, 14, 6, 15], "texture": "#0", "cullface": "down"}
			}
		},
		{
			"name": "nether_wart_block_2_16",
			"from": [0, -16, 13],
			"to": [16, -15, 14],
			"rotation": {"angle": 0, "axis": "y", "origin": [7.5, -9.25, 8]},
			"faces": {
				"east": {"uv": [13, 16, 14, 15], "rotation": 180, "texture": "#0", "cullface": "down"},
				"west": {"uv": [13, 15, 14, 16], "texture": "#0", "cullface": "down"}
			}
		},
		{
			"from": [0, 0, 0],
			"to": [16, 16, 16],
			"faces": {
				"north": {"uv": [0, 0, 16, 16], "texture": "#1", "cullface": "north"},
				"east": {"uv": [0, 0, 16, 16], "texture": "#1", "cullface": "east"},
				"south": {"uv": [0, 0, 16, 16], "texture": "#1", "cullface": "south"},
				"west": {"uv": [0, 0, 16, 16], "texture": "#1", "cullface": "west"},
				"up": {"uv": [0, 0, 16, 16], "texture": "#1", "cullface": "up"},
				"down": {"uv": [0, 0, 16, 16], "texture": "#1", "cullface": "down"}
			}
		}
	],
	"groups": [
		{
			"name": "nether_wart_block_2_1",
			"origin": [8, 8, 8],
			"color": 0,
			"nbt": "{}",
			"armAnimationEnabled": false,
			"children": [0, 1, 2, 3, 4, 5, 6, 7, 8, 9, 10, 11, 12, 13, 14, 15]
		},
		{
			"name": "nether_wart_block_2_2",
			"origin": [8, 8, 8],
			"color": 0,
			"nbt": "{}",
			"armAnimationEnabled": false,
			"children": [16, 17, 18, 19, 20, 21, 22, 23, 24, 25, 26, 27, 28, 29, 30, 31]
		},
		32
	]
}